{"domain": "consumer", "start": 1593591988.2116532, "net_deploy_1": 0.020106077194213867, "net_deploy_2": 2.100642204284668, "on_board_fdu_dhcp.json": 5.159154653549194, "configure_fdu_dhcp.json": 6.516497373580933, "start_fdu_dhcp.json": 9.04634404182434, "info_fdu_dhcp.json": 10.064919471740723, "on_board_ap1.json": 10.13719367980957, "configure_ap1.json": 10.837174654006958, "start_ap1.json": 12.924275159835815, "info_ap1.json": 13.072913646697998, "federation_start": 17.109196424484253, "bid_arrived": 29.537668466567993, "provider_chosen": 29.547239542007446, "service_deployed": 45.19914674758911, "end": 45.22454833984375}