{"domain": "consumer", "start": 1593538076.1431973, "net_deploy_1": 0.018326997756958008, "net_deploy_2": 2.1095733642578125, "on_board_fdu_dhcp.json": 5.176645994186401, "configure_fdu_dhcp.json": 6.216499328613281, "start_fdu_dhcp.json": 8.749460697174072, "info_fdu_dhcp.json": 9.898415088653564, "on_board_ap1.json": 9.93806767463684, "configure_ap1.json": 10.758082151412964, "start_ap1.json": 12.399981021881104, "info_ap1.json": 12.556462287902832, "federation_start": 16.827709913253784, "bid_arrived": 19.14420247077942, "provider_chosen": 19.154707670211792, "service_deployed": 33.93479108810425, "end": 33.95229125022888}