{"domain": "provider", "start": 1593513576.1014268, "bid_placed": 2.4080276489257812e-05, "winner_choosen": 8.097224473953247, "deployment_start": 8.119125127792358, "trusty_info_get": 8.132272958755493, "net_deploy": 8.156569004058838, "net_add": 8.15683126449585, "container_deploy": 9.183942317962646, "on_board_ap2.json": 10.207365989685059, "configure_ap2.json": 10.634254932403564, "start_ap2.json": 11.533092975616455, "info_ap2.json": 13.736373662948608, "deployment_finished": 13.76769208908081, "end": 13.824473142623901}