{"domain": "provider", "start": 1593591562.5841563, "bid_placed": 3.218650817871094e-05, "winner_choosen": 17.133728742599487, "deployment_start": 17.164457321166992, "trusty_info_get": 17.181498765945435, "net_deploy": 17.206666946411133, "net_add": 17.206902265548706, "container_deploy": 18.232592344284058, "on_board_ap2.json": 19.256271600723267, "configure_ap2.json": 19.53483819961548, "start_ap2.json": 20.51214861869812, "info_ap2.json": 22.7617769241333, "deployment_finished": 22.78891658782959, "end": 22.843494176864624}