{"domain": "consumer", "start": 1593591531.085359, "net_deploy_1": 0.021010637283325195, "net_deploy_2": 2.114011764526367, "on_board_fdu_dhcp.json": 5.147390842437744, "configure_fdu_dhcp.json": 5.947159290313721, "start_fdu_dhcp.json": 7.396918535232544, "info_fdu_dhcp.json": 8.379364967346191, "on_board_ap1.json": 8.440659761428833, "configure_ap1.json": 9.674766778945923, "start_ap1.json": 11.40973162651062, "info_ap1.json": 11.564596176147461, "federation_start": 15.50139331817627, "bid_arrived": 45.12365674972534, "provider_chosen": 45.13283729553223, "service_deployed": 62.89701557159424, "end": 62.93402814865112}