{"domain": "provider", "start": 1593706846.2769067, "bid_placed": 2.3603439331054688e-05, "winner_choosen": 10.319263696670532, "deployment_start": 10.380136013031006, "trusty_info_get": 10.41737699508667, "net_deploy": 10.43973159790039, "net_add": 10.439935445785522, "container_deploy": 11.46721363067627, "on_board_ap2.json": 12.491620302200317, "configure_ap2.json": 12.946987867355347, "start_ap2.json": 13.843039274215698, "info_ap2.json": 15.950744390487671, "deployment_finished": 15.979835271835327, "end": 16.145936489105225}