{"domain": "provider", "start": 1593538094.468114, "bid_placed": 5.125999450683594e-05, "winner_choosen": 4.916848421096802, "deployment_start": 4.963439226150513, "trusty_info_get": 4.988696813583374, "net_deploy": 5.01073431968689, "net_add": 5.010995626449585, "container_deploy": 6.036077499389648, "on_board_ap2.json": 7.060241937637329, "configure_ap2.json": 7.445973873138428, "start_ap2.json": 8.350818872451782, "info_ap2.json": 10.492100477218628, "deployment_finished": 10.520679473876953, "end": 10.594696998596191}