{"domain": "consumer", "start": 1593792571.2602162, "request_federation": 0.132537841796875, "choosing_provider": 7.473426580429077, "provider_deploys": 7.533813953399658, "federation_completed": 20.50862693786621, "robot_migration": 20.534640073776245, "robot_connected": 28.700706958770752, "end": 29.701996564865112}