{"domain": "consumer", "start": 1593800726.8926632, "request_federation": 0.11091303825378418, "choosing_provider": 5.46622896194458, "provider_deploys": 5.592325687408447, "federation_completed": 24.283071041107178, "robot_migration": 24.308497667312622, "robot_connected": 26.388301610946655, "end": 26.73905062675476}