{"domain": "consumer", "start": 1593791671.9118726, "request_federation": 0.11936521530151367, "choosing_provider": 5.290282964706421, "provider_deploys": 5.430747747421265, "federation_completed": 17.92485523223877, "robot_migration": 17.94145107269287, "robot_connected": 27.787249088287354, "end": 28.788537740707397}