{"domain": "provider", "start": 1593776169.532671, "bid_placed": 2.6226043701171875e-05, "winner_choosen": 11.005439043045044, "deployment_start": 11.051894903182983, "trusty_info_get": 11.07688570022583, "net_deploy": 11.101485252380371, "net_add": 11.10175085067749, "container_deploy": 12.125327348709106, "on_board_ap2.json": 13.150295495986938, "configure_ap2.json": 13.599047899246216, "start_ap2.json": 14.48996090888977, "info_ap2.json": 16.681920051574707, "deployment_finished": 16.712494611740112, "end": 16.79122567176819}