{"domain": "consumer", "start": 1593776928.3817515, "request_federation": 0.12981081008911133, "choosing_provider": 5.717462778091431, "provider_deploys": 5.827869892120361, "federation_completed": 17.053794384002686, "robot_migration": 17.077143907546997, "robot_connected": 58.529133796691895, "end": 59.52999472618103}