{"domain": "consumer", "start": 1593801013.970166, "request_federation": 0.08912348747253418, "choosing_provider": 13.30351209640503, "provider_deploys": 13.412110567092896, "federation_completed": 27.491042852401733, "robot_migration": 27.509977102279663, "robot_connected": 29.579163074493408, "end": 30.579814434051514}