{"domain": "provider", "start": 1593792300.6130028, "bid_placed": 3.218650817871094e-05, "winner_choosen": 3.2572708129882812, "deployment_start": 3.3040823936462402, "trusty_info_get": 3.3290371894836426, "net_deploy": 3.357285261154175, "net_add": 3.3574912548065186, "container_deploy": 4.3839733600616455, "on_board_ap2.json": 5.409632205963135, "configure_ap2.json": 5.863118410110474, "start_ap2.json": 6.741503000259399, "info_ap2.json": 8.831271886825562, "deployment_finished": 8.861852884292603, "end": 8.936988353729248}