{"domain": "provider", "start": 1593684113.8961537, "bid_placed": 2.9325485229492188e-05, "winner_choosen": 16.94187879562378, "deployment_start": 16.984436988830566, "trusty_info_get": 17.009398221969604, "net_deploy": 17.033197164535522, "net_add": 17.033432722091675, "container_deploy": 18.06459903717041, "on_board_ap2.json": 19.08982491493225, "configure_ap2.json": 19.542958974838257, "start_ap2.json": 20.45113968849182, "info_ap2.json": 22.67462682723999, "deployment_finished": 22.705653190612793, "end": 22.763370990753174}