{"domain": "provider", "start": 1593592012.0719843, "bid_placed": 4.506111145019531e-05, "winner_choosen": 12.260730981826782, "deployment_start": 12.304444551467896, "trusty_info_get": 12.329667091369629, "net_deploy": 12.35286569595337, "net_add": 12.353094816207886, "container_deploy": 13.38215160369873, "on_board_ap2.json": 14.407346725463867, "configure_ap2.json": 14.803012132644653, "start_ap2.json": 15.740377187728882, "info_ap2.json": 17.84374475479126, "deployment_finished": 17.871274948120117, "end": 17.947285175323486}