{"domain": "provider", "start": 1593792573.396202, "bid_placed": 2.6464462280273438e-05, "winner_choosen": 12.014232635498047, "deployment_start": 12.060545682907104, "trusty_info_get": 12.085606575012207, "net_deploy": 12.106990814208984, "net_add": 12.107183933258057, "container_deploy": 13.132555723190308, "on_board_ap2.json": 14.158756256103516, "configure_ap2.json": 14.604186773300171, "start_ap2.json": 15.484513521194458, "info_ap2.json": 17.66328239440918, "deployment_finished": 17.710374355316162, "end": 17.796969413757324}