{"domain": "consumer", "start": 1593791208.8547099, "request_federation": 0.0803067684173584, "choosing_provider": 3.641727924346924, "provider_deploys": 3.6808242797851562, "federation_completed": 13.646411657333374, "robot_migration": 13.67852783203125, "robot_connected": 15.768352508544922, "end": 16.321897268295288}