{"domain": "consumer", "start": 1593513551.4380748, "net_deploy_1": 0.018808364868164062, "net_deploy_2": 2.102696180343628, "on_board_fdu_dhcp.json": 5.171302080154419, "configure_fdu_dhcp.json": 6.216719388961792, "start_fdu_dhcp.json": 8.720621585845947, "info_fdu_dhcp.json": 9.71514081954956, "on_board_ap1.json": 9.757401704788208, "configure_ap1.json": 10.515990734100342, "start_ap1.json": 12.077370405197144, "info_ap1.json": 12.219820737838745, "federation_start": 14.066992282867432, "bid_arrived": 28.684677124023438, "provider_chosen": 28.711015224456787, "service_deployed": 38.818458795547485, "end": 38.843345165252686}