{"domain": "provider", "start": 1593801025.3987515, "bid_placed": 2.8848648071289062e-05, "winner_choosen": 7.2377355098724365, "deployment_start": 7.284150123596191, "trusty_info_get": 7.30919075012207, "net_deploy": 7.334413766860962, "net_add": 7.3346476554870605, "container_deploy": 8.36020803451538, "on_board_ap2.json": 9.38444471359253, "configure_ap2.json": 9.874014377593994, "start_ap2.json": 10.810470819473267, "info_ap2.json": 12.949464797973633, "deployment_finished": 12.97676396369934, "end": 13.079544067382812}