{"domain": "consumer", "start": 1593791862.780357, "request_federation": 0.20858383178710938, "choosing_provider": 3.617298126220703, "provider_deploys": 3.7721991539001465, "federation_completed": 14.707541465759277, "robot_migration": 14.738682270050049, "robot_connected": 36.2157187461853, "end": 36.47201108932495}