{"start": 1593510777.9198425, "t1": 6.599956274032593, "t2": 15.902962446212769, "domain": "consumer", "t3": 37.79305982589722}