{"domain": "provider", "start": 1593791675.431857, "bid_placed": 3.075599670410156e-05, "winner_choosen": 7.234187841415405, "deployment_start": 7.280179262161255, "trusty_info_get": 7.305227994918823, "net_deploy": 7.326098442077637, "net_add": 7.326337575912476, "container_deploy": 8.358786344528198, "on_board_ap2.json": 9.383063554763794, "configure_ap2.json": 9.802695274353027, "start_ap2.json": 10.681528329849243, "info_ap2.json": 12.813223838806152, "deployment_finished": 12.860079288482666, "end": 12.909883737564087}