{"domain": "consumer", "start": 1593792296.4901314, "request_federation": 0.11172747611999512, "choosing_provider": 5.662003755569458, "provider_deploys": 5.772736072540283, "federation_completed": 14.220396041870117, "robot_migration": 14.23692774772644, "robot_connected": 22.363786935806274, "end": 23.105690717697144}