{"domain": "provider", "start": 1593791210.7711957, "bid_placed": 2.6702880859375e-05, "winner_choosen": 4.975879907608032, "deployment_start": 5.0161004066467285, "trusty_info_get": 5.041106939315796, "net_deploy": 5.067327260971069, "net_add": 5.067533493041992, "container_deploy": 6.09507155418396, "on_board_ap2.json": 7.1197874546051025, "configure_ap2.json": 7.572822093963623, "start_ap2.json": 8.46208119392395, "info_ap2.json": 10.589680671691895, "deployment_finished": 10.62259578704834, "end": 10.71685242652893}