{"domain": "provider", "start": 1594289798.283589, "bid placed": 2.765655517578125e-05, "winner choosen": 3.963810682296753, "deployment start": 3.9820196628570557, "trusty info get": 3.9910354614257812, "deploy inter-domain net": 4.010761737823486, "add inter-domain net": 4.010971784591675, "container deploy": 5.040805339813232, "on_board_ap2.json": 6.065944671630859, "configure_ap2.json": 6.494653224945068, "start_ap2.json": 7.369560480117798, "info_ap2.json": 9.525602579116821, "deployment finished": 9.554141759872437, "end": 9.587594270706177}