{"domain": "provider", "start": 1593776929.8933275, "bid_placed": 2.6464462280273438e-05, "winner_choosen": 6.405956983566284, "deployment_start": 6.432000637054443, "trusty_info_get": 6.448911666870117, "net_deploy": 6.475517511367798, "net_add": 6.47572922706604, "container_deploy": 7.505911350250244, "on_board_ap2.json": 8.530116081237793, "configure_ap2.json": 8.926203489303589, "start_ap2.json": 9.78653860092163, "info_ap2.json": 11.906098365783691, "deployment_finished": 11.93405270576477, "end": 11.950988531112671}