{"domain": "provider", "start": 1593790720.4898684, "bid_placed": 2.5272369384765625e-05, "winner_choosen": 8.05984377861023, "deployment_start": 8.096282958984375, "trusty_info_get": 8.121344089508057, "net_deploy": 8.145901203155518, "net_add": 8.146150350570679, "container_deploy": 9.171531915664673, "on_board_ap2.json": 10.200692653656006, "configure_ap2.json": 10.598788022994995, "start_ap2.json": 11.483653783798218, "info_ap2.json": 13.609957695007324, "deployment_finished": 13.639725685119629, "end": 13.658073902130127}