{"domain": "consumer", "start": 1593776166.5473492, "request_federation": 0.19863057136535645, "choosing_provider": 10.864994287490845, "provider_deploys": 10.978011131286621, "federation_completed": 23.439331531524658, "robot_migration": 23.465396404266357, "robot_connected": 58.31290936470032, "end": 58.555108308792114}