{"domain": "consumer", "start": 1593706801.3139474, "request_federation": 38.996761322021484, "choosing_provider": 50.251657485961914, "provider_deploys": 50.526294469833374, "federation_completed": 66.75799083709717, "end": 66.80755686759949}