{
    "domain": "consumer", 
    "start": 1593800726.8926632, 
    "request federation": 0.11091303825378418, 
    "choosing provider": 5.46622896194458, 
    "provider deployment of vAP2": 5.592325687408447, 
    "federation completed": 24.283071041107178, 
    "robot vAP2 discovery": 24.308497667312622, 
    "robot connecting to vAP2": 26.388301610946655, 
    "robot connected to vAP2": 26.73905062675476
}