{"domain": "consumer", "start": 1594289796.2699184, "request federation": 0.08321118354797363, "choosing provider": 3.993490219116211, "provider deployment of vAP2": 4.063689947128296, "federation completed": 12.97029972076416, "end": 12.979973316192627}