{"domain": "provider", "start": 1593791864.7251291, "bid_placed": 2.7179718017578125e-05, "winner_choosen": 4.737300157546997, "deployment_start": 4.796674728393555, "trusty_info_get": 4.832891464233398, "net_deploy": 4.855282545089722, "net_add": 4.855532646179199, "container_deploy": 5.881999969482422, "on_board_ap2.json": 6.906327486038208, "configure_ap2.json": 7.373184680938721, "start_ap2.json": 8.241971015930176, "info_ap2.json": 10.425406694412231, "deployment_finished": 10.453226804733276, "end": 10.646194458007812}